{
	"music_disc.ward":{
		"category":"music",
		"replace":"true",
		"sounds":[
			{
				"name":"Gold Steps",
				"stream":"true"
			}
		]
	},
	"music_disc.strad":{
		"category":"music",
		"replace":"true",
		"sounds":[
			{
				"name":"Never Say Die",
				"stream":"true"
			}
		]
	},
	"music_disc.stal":{
		"category":"music",
		"replace":"true",
		"sounds":[
			{
				"name":"On My Own",
				"stream":"true"
			}
		]
	},
	"music_disc.mellohi":{
		"category":"music",
		"replace":"true",
		"sounds":[
			{
				"name":"85%",
				"stream":"true"
			}
		]
	},
	"music_disc.mall":{
		"category":"music",
		"replace":"true",
		"sounds":[
			{
				"name":"Alone",
				"stream":"true"
			}
		]
	},
	"music_disc.cat":{
		"category":"music",
		"replace":"true",
		"sounds":[
			{
				"name":"Dawnbreaker",
				"stream":"true"
			}
		]
	},
	"music_disc.13":{
		"category":"music",
		"replace":"true",
		"sounds":[
			{
				"name":"December",
				"stream":"true"
			}
		]
	},
	"music_disc.11":{
		"category":"music",
		"replace":"true",
		"sounds":[
			{
				"name":"The Longest Night",
				"stream":"true"
			}
		]
	},
	"music_disc.blocks":{
		"category":"music",
		"replace":"true",
		"sounds":[
			{
				"name":"faruxue",
				"stream":"true"
			}
		]
	},
	"music_disc.chirp":{
		"category":"music",
		"replace":"true",
		"sounds":[
			{
				"name":"fanfangxiangdezhong",
				"stream":"true"
			}
		]
	},
	"music_disc.far":{
		"category":"music",
		"replace":"true",
		"sounds":[
			{
				"name":"qilixiang",
				"stream":"true"
			}
		]
	},
	"music_disc.wait":{
		"category":"music",
		"replace":"true",
		"sounds":[
			{
				"name":"Shooting Stars",
				"stream":"true"
			}
		]
	}
}